{
  "pov": {
    "position": [
      -0.8478286508747321,
      3.1951381085324337,
      7.2174110628163906
    ],
    "target": [
      -0.6636996634965308,
      1.118224185401527,
      -0.3194993093209654
    ]
  }
}