{
  "pov": {
    "position": [
      -0.7952100173390713,
      1.9685243902772682,
      7.322737523874011
    ],
    "target": [
      -0.9265752100604013,
      1.1169802311209696,
      -0.5980476036437814
    ]
  }
}